﻿<?xml version="1.0" encoding="utf-8"?>
<cms.contentitem>
  <ContentItemContentFolderID>
    <CodeName>Root-DancingGoat.DancingGoatCommerce</CodeName>
    <GUID>0fed3213-91dd-459d-ac4d-27f9cca1e3e4</GUID>
    <ObjectType>cms.contentfolder</ObjectType>
  </ContentItemContentFolderID>
  <ContentItemContentTypeID>
    <CodeName>DancingGoat.ProductTemplateAlphaSize</CodeName>
    <GUID>6e2135cc-0f14-48aa-b05f-6c4e59431e0b</GUID>
    <ObjectType>cms.contenttype</ObjectType>
  </ContentItemContentTypeID>
  <ContentItemGUID>e2effbd1-2c41-42a1-90bc-a7aa88d145b0</ContentItemGUID>
  <ContentItemIsReusable>True</ContentItemIsReusable>
  <ContentItemIsSecured>False</ContentItemIsSecured>
  <ContentItemName>DancingGoatT-shirtWhiteXL-pgcenb85</ContentItemName>
  <ContentItemWorkspaceID>
    <CodeName>DancingGoat.DancingGoatCommerce</CodeName>
    <GUID>83f1d3be-89d2-4cb2-9ff4-80890517b58e</GUID>
    <ObjectType>cms.workspace</ObjectType>
  </ContentItemWorkspaceID>
</cms.contentitem>