﻿<?xml version="1.0" encoding="utf-8"?>
<cms.contentitemlanguagemetadata>
  <ContentItemLanguageMetadataContentItemID>
    <CodeName>CupWithSaucer-cthv99vn</CodeName>
    <GUID>3a34025f-ac1e-4a24-8720-f4ca9a181c15</GUID>
    <ObjectType>cms.contentitem</ObjectType>
  </ContentItemLanguageMetadataContentItemID>
  <ContentItemLanguageMetadataContentLanguageID>
    <CodeName>en</CodeName>
    <GUID>e4a8fb12-ebc2-45d0-930f-c9fba2780c85</GUID>
    <ObjectType>cms.contentlanguage</ObjectType>
  </ContentItemLanguageMetadataContentLanguageID>
  <ContentItemLanguageMetadataCreatedByUserID>
    <CodeName>administrator</CodeName>
    <GUID>6415b8ce-8072-4bcd-8e48-9d7178b826b7</GUID>
    <ObjectType>cms.user</ObjectType>
  </ContentItemLanguageMetadataCreatedByUserID>
  <ContentItemLanguageMetadataCreatedWhen>2025-02-03 14:47:12Z</ContentItemLanguageMetadataCreatedWhen>
  <ContentItemLanguageMetadataDisplayName>Cup with saucer</ContentItemLanguageMetadataDisplayName>
  <ContentItemLanguageMetadataGUID>daf3473f-ded0-4604-975b-939fcf7eae2c</ContentItemLanguageMetadataGUID>
  <ContentItemLanguageMetadataHasImageAsset>False</ContentItemLanguageMetadataHasImageAsset>
  <ContentItemLanguageMetadataLatestVersionStatus>2</ContentItemLanguageMetadataLatestVersionStatus>
  <ContentItemLanguageMetadataModifiedByUserID>
    <CodeName>administrator</CodeName>
    <GUID>6415b8ce-8072-4bcd-8e48-9d7178b826b7</GUID>
    <ObjectType>cms.user</ObjectType>
  </ContentItemLanguageMetadataModifiedByUserID>
  <ContentItemTags>
    <cms.contentitemtag>
      <ContentItemTagContentItemLanguageMetadataID>
        <GUID>daf3473f-ded0-4604-975b-939fcf7eae2c</GUID>
        <ObjectType>cms.contentitemlanguagemetadata</ObjectType>
      </ContentItemTagContentItemLanguageMetadataID>
      <ContentItemTagFieldGUID>a3b6d816-b57b-4e96-bd98-3afdff882619</ContentItemTagFieldGUID>
      <ContentItemTagTagGUID>6aafec28-dabc-4090-bf59-b9c1ba62dd24</ContentItemTagTagGUID>
    </cms.contentitemtag>
    <cms.contentitemtag>
      <ContentItemTagContentItemLanguageMetadataID>
        <GUID>daf3473f-ded0-4604-975b-939fcf7eae2c</GUID>
        <ObjectType>cms.contentitemlanguagemetadata</ObjectType>
      </ContentItemTagContentItemLanguageMetadataID>
      <ContentItemTagFieldGUID>cea0a90d-d3f3-4f99-a9a3-c2c83821ba50</ContentItemTagFieldGUID>
      <ContentItemTagTagGUID>3c27e654-6c18-451f-863d-cfa093b49c49</ContentItemTagTagGUID>
    </cms.contentitemtag>
  </ContentItemTags>
</cms.contentitemlanguagemetadata>